Month,Revenue
2023-01,0.0
2023-02,-14.094104665592821
2023-03,18.153721654987166
2023-04,-3.8091005136799194
2023-05,4.784528076644556
2023-06,-10.272124776626935
2023-07,5.013059542166776
2023-08,-5.557200746933932
2023-09,-0.07635906958910477
2023-10,1.9741709116273265
2023-11,-11.254733451852328
2023-12,13.966837765924002
